Workbook

Sheet base-pms_spbrasil
A1: UF | B1: Segmentação | C1: indice_atividade_servicos_com_ajuste_sazonal | D1: indice_atividade_servicos_sem_ajuste | E1: date
A2: Brasil | B2: Serviços (Total) | C2: 88.97 | D2: 84.3099 | E2: 40544
A3: Brasil | B3: Serviços (Total) | C3: 88.76 | D3: 83.75978 | E3: 40575
A4: Brasil | B4: Serviços (Total) | C4: 89.21 | D4: 88.04097 | E4: 40603
A5: Brasil | B5: Serviços (Total) | C5: 89.72 | D5: 87.25925 | E5: 40634
A6: Brasil | B6: Serviços (Total) | C6: 90.4 | D6: 90.32649 | E6: 40664
A7: Brasil | B7: Serviços (Total) | C7: 90.42 | D7: 89.57903 | E7: 40695
A8: Brasil | B8: Serviços (Total) | C8: 91.42 | D8: 91.21615 | E8: 40725
A9: Brasil | B9: Serviços (Total) | C9: 91.4 | D9: 93.35956 | E9: 40756
A10: Brasil | B10: Serviços (Total) | C10: 91.07 | D10: 91.79136 | E10: 40787
A11: Brasil | B11: Serviços (Total) | C11: 89.96 | D11: 91.48308 | E11: 40817
A12: Brasil | B12: Serviços (Total) | C12: 91.49 | D12: 93.14797 | E12: 40848
A13: Brasil | B13: Serviços (Total) | C13: 92.4 | D13: 100.49501 | E13: 40878
... A2113: São Paulo | B2113: Serviços (Total) | C2113: 108.74 | D2113: 109.56113 | E2113: 45870

Sheet Mês;Ano
A1: date | B1: Ano | C1: Num_Mês | D1: Mês
A2: 40544 | B2: =YEAR('base-pms_spbrasil'!E2) -> 2011 | C2: =MONTH('base-pms_spbrasil'!E2) -> 1 | D2: =UPPER(TEXT('base-pms_spbrasil'!E2,"MMMM")) -> JANEIRO
A3: 40575 | B3: =YEAR('base-pms_spbrasil'!E3) -> 2011 | C3: =MONTH('base-pms_spbrasil'!E3) -> 2 | D3: =UPPER(TEXT('base-pms_spbrasil'!E3,"MMMM")) -> FEVEREIRO
A4: 40603 | B4: =YEAR('base-pms_spbrasil'!E4) -> 2011 | C4: =MONTH('base-pms_spbrasil'!E4) -> 3 | D4: =UPPER(TEXT('base-pms_spbrasil'!E4,"MMMM")) -> MARÇO
A5: 40634 | B5: =YEAR('base-pms_spbrasil'!E5) -> 2011 | C5: =MONTH('base-pms_spbrasil'!E5) -> 4 | D5: =UPPER(TEXT('base-pms_spbrasil'!E5,"MMMM")) -> ABRIL
A6: 40664 | B6: =YEAR('base-pms_spbrasil'!E6) -> 2011 | C6: =MONTH('base-pms_spbrasil'!E6) -> 5 | D6: =UPPER(TEXT('base-pms_spbrasil'!E6,"MMMM")) -> MAIO
A7: 40695 | B7: =YEAR('base-pms_spbrasil'!E7) -> 2011 | C7: =MONTH('base-pms_spbrasil'!E7) -> 6 | D7: =UPPER(TEXT('base-pms_spbrasil'!E7,"MMMM")) -> JUNHO
A8: 40725 | B8: =YEAR('base-pms_spbrasil'!E8) -> 2011 | C8: =MONTH('base-pms_spbrasil'!E8) -> 7 | D8: =UPPER(TEXT('base-pms_spbrasil'!E8,"MMMM")) -> JULHO
A9: 40756 | B9: =YEAR('base-pms_spbrasil'!E9) -> 2011 | C9: =MONTH('base-pms_spbrasil'!E9) -> 8 | D9: =UPPER(TEXT('base-pms_spbrasil'!E9,"MMMM")) -> AGOSTO
A10: 40787 | B10: =YEAR('base-pms_spbrasil'!E10) -> 2011 | C10: =MONTH('base-pms_spbrasil'!E10) -> 9 | D10: =UPPER(TEXT('base-pms_spbrasil'!E10,"MMMM")) -> SETEMBRO
A11: 40817 | B11: =YEAR('base-pms_spbrasil'!E11) -> 2011 | C11: =MONTH('base-pms_spbrasil'!E11) -> 10 | D11: =UPPER(TEXT('base-pms_spbrasil'!E11,"MMMM")) -> OUTUBRO
A12: 40848 | B12: =YEAR('base-pms_spbrasil'!E12) -> 2011 | C12: =MONTH('base-pms_spbrasil'!E12) -> 11 | D12: =UPPER(TEXT('base-pms_spbrasil'!E12,"MMMM")) -> NOVEMBRO
A13: 40878 | B13: =YEAR('base-pms_spbrasil'!E13) -> 2011 | C13: =MONTH('base-pms_spbrasil'!E13) -> 12 | D13: =UPPER(TEXT('base-pms_spbrasil'!E13,"MMMM")) -> DEZEMBRO
... A2113: 45870 | B2113: =YEAR('base-pms_spbrasil'!E2113) -> 2025 | C2113: =MONTH('base-pms_spbrasil'!E2113) -> 8 | D2113: =UPPER(TEXT('base-pms_spbrasil'!E2113,"MMMM")) -> AGOSTO

Sheet Planilha2
B1: Segmentação | C1: indice_atividade_servicos_sem_ajuste | D1: date
A2: Brasil | B2: Serviços (Total) | C2: 84.3099 | D2: 40544
A3: Brasil | B3: Serviços (Total) | C3: 83.75978 | D3: 40575
A4: Brasil | B4: Serviços (Total) | C4: 88.04097 | D4: 40603
A5: Brasil | B5: Serviços (Total) | C5: 87.25925 | D5: 40634
A6: Brasil | B6: Serviços (Total) | C6: 90.32649 | D6: 40664
A7: Brasil | B7: Serviços (Total) | C7: 89.57903 | D7: 40695
A8: Brasil | B8: Serviços (Total) | C8: 91.21615 | D8: 40725
A9: Brasil | B9: Serviços (Total) | C9: 93.35956 | D9: 40756
A10: Brasil | B10: Serviços (Total) | C10: 91.79136 | D10: 40787
A11: Brasil | B11: Serviços (Total) | C11: 91.48308 | D11: 40817
A12: Brasil | B12: Serviços (Total) | C12: 93.14797 | D12: 40848
A13: Brasil | B13: Serviços (Total) | C13: 100.49501 | D13: 40878
... A2113: São Paulo | B2113: Serviços (Total) | C2113: 109.56113 | D2113: 45870
